complaint_id,timestamp,text_length,rule_based_indicators,gemini_analysis,overall_risk_score
11310670,2025-10-23T11:40:18.452563,1541,{'financial_red_flags': ['send money']},"{'scam_probability': 100, 'red_flags': ['Company impersonation: The alleged employer was impersonating a legitimate company (XXXX).', ""Unsolicited job offer: The victim was 'contacted by a company' rather than applying through official channels."", ""Request for money from 'employee': The victim was 'convinced to send money under false pretenses.' Legitimate employers pay employees, they do not ask employees to send money."", 'Non-payment for work: The victim was never paid for the completed tasks.', ""Remote work for simple tasks: While legitimate, 'completing sets and reviewing albums/singles' can be a common cover for task-based advance fee scams."", 'Communication through non-official channels (implied): Scammers often use messaging apps or generic email addresses rather than official company domains.', ""Bank claim denial due to 'inconsistencies': This often happens when the victim voluntarily transferred funds, even under duress or deception, which complicates fraud recovery under bank policies.""], 'financial_risk': 'High', 'scam_type': ""Job Offer/Employment Scam combined with an Advance Fee/Task Scam and Impersonation. The scam started as a fake job offer (employment scam) using the identity of a real company (impersonation). The core financial loss occurred when the victim was manipulated into sending money, typical of an advance fee scam where funds are requested for 'equipment,' 'training,' 'fees,' or as part of a 'task' where the victim is told they need to 'invest' to unlock more significant earnings or withdraw funds."", 'victim_profile': 'The victim appears to be someone actively or passively seeking remote employment opportunities. They demonstrated trust in the legitimacy of the initial job offer and the communications from the alleged representatives. They may lack awareness of common scam tactics, particularly the crucial red flag that legitimate employers never ask employees to send money. The desire for compensation for work performed made them vulnerable to the financial manipulation. The denial of the bank claim suggests a potential lack of understanding regarding the nuances of bank fraud policies, especially concerning voluntary transfers.', 'recommendations': [""Verify all job offers independently: Always contact the company directly through official channels (website, main corporate phone number) to confirm the job opening and recruiter's identity, never using contact information provided by the 'recruiter.'"", ""Never send money to an employer: A legitimate employer will never ask an employee to pay for equipment, training, background checks, or any other 'fees.' They pay *you*."", 'Be suspicious of unsolicited job offers: Exercise extreme caution with job offers received out of the blue, especially those offering high pay for simple tasks.', 'Protect personal information: Be wary of sharing sensitive personal or financial information until employment is officially verified.', 'Document everything meticulously: Keep records of all communications, transaction details, and any evidence of the scam for law enforcement and financial institutions.', ""Report to authorities: In addition to local law enforcement, report the scam to federal agencies like the FBI's Internet Crime Complaint Center (IC3), the Federal Trade Commission (FTC), and the Better Business Bureau (BBB)."", ""Understand bank dispute policies: Review the specific reasons for the bank's denial and understand the difference between unauthorized transactions and voluntary payments, even if coerced by fraud."", 'Seek legal advice: If the amount is significant and the bank claim is denied, consult with a lawyer specializing in fraud or consumer protection to explore legal avenues.', 'Educate yourself on scam tactics: Stay informed about common employment and advance fee scams to protect yourself and others.'], 'confidence': 100}",55
11258229,2025-10-23T11:40:29.409666,1219,"{'financial_red_flags': ['paypal'], 'urgency_pressure': ['immediately']}","{'scam_probability': 100, 'red_flags': [""Unsolicited job offer from someone 'acting like a big HR person' without prior application."", ""Receipt of an unexpected check for 'remote equipment' or initial setup funds."", ""Insistence on depositing the check immediately due to urgency ('nature of work environment and the holidays')."", ""Extreme pushiness to transfer funds to a 'fake vendor' for equipment before the deposited check has fully cleared."", ""The requirement to use personal funds (even if 'reimbursed' by the check) to purchase equipment from a specific, unknown vendor."", ""Bank advising to deposit a suspicious check 'to look at it' (this is a common misunderstanding; depositing it makes the account holder responsible if it bounces)."", ""The victim's bank later alerting them to the fraudulent nature of the check, indicating it bounced."", ""PayPal stating 'nothing could be done' after funds were sent, typical of irreversible transfers to scammers.""], 'financial_risk': 'High', 'scam_type': 'Fake Check / Employment Scam (Hybrid)', 'victim_profile': ""The victim is someone actively seeking employment in a challenging economy, making them more vulnerable to attractive but fake job offers. They demonstrated a degree of diligence by verifying LinkedIn accounts and contacting their bank, indicating a cautious but ultimately trusting nature. However, they were susceptible to social engineering tactics like urgency and impersonation, and likely lacked full understanding of banking procedures (specifically, that funds becoming 'available' does not mean a check has fully 'cleared'). This combination of need, diligence, and specific knowledge gaps made them a target."", 'recommendations': [""Never send money back or forward funds from a check you've just deposited, especially if pressured. A legitimate check will clear, and a legitimate employer will not ask you to do this."", ""Verify all job offers directly with the company using official contact information from their corporate website, not information provided by the 'recruiter'."", ""Be highly suspicious of any job offer that involves receiving a check and then sending money to a third party for 'equipment' or 'software'. Legitimate companies either provide equipment directly or reimburse *after* you've purchased it, not *before* the check clears."", ""Understand that 'funds available' at your bank does not mean the check has fully cleared. It can take weeks for a check to truly clear, and if it bounces, you are responsible for the funds."", ""Be wary of any job offer that seems 'too good to be true' or applies undue pressure or urgency."", 'Legitimate employers rarely conduct interviews solely through text or chat platforms, and typically have a more rigorous hiring process.', ""If you suspect a scam, do not engage further. Report it to the FBI IC3, FTC, and your state's consumer protection agencies."", ""For payments made via PayPal, always check if the transaction is covered by PayPal's purchase protection. In cases of sending money 'friends and family' or to a fraudulent business, recovery can be very difficult.""], 'confidence': 100}",60
11629506,2025-10-23T11:40:48.155270,1669,{},"{'scam_probability': 100, 'red_flags': ['Unsolicited job offer via college email (potential phishing/spoofing or compromised account).', 'No interview or formal hiring process (only email communication).', 'Instructions to deposit a check and then use personal funds to purchase materials/send money back.', ""Checks sent 'through email' (likely digital images of fake checks)."", ""Pressure to act quickly due to 'schedule time' when bank takes days to clear checks."", 'Insistence on using personal savings *before* the deposited check has fully cleared.', 'Scammer disappears/stops responding once the fraud is discovered by the bank.', 'Bank explicitly states the deposited checks were fake.', 'Victim lost all savings and incurred negative balance.'], 'financial_risk': 'High', 'scam_type': ""Employment Scam / Fake Check Scam / Advance Fee Scam. The core mechanism is a fake check scam, where the victim is instructed to deposit a fraudulent check, and then send a portion of the funds (from their own cleared money, or by using personal savings under pressure) to a third party (often the scammer themselves, or a money mule) before the bank realizes the check is fake. This is often disguised as a work-from-home or internship opportunity requiring the victim to act as a 'purchasing agent' or 'personal assistant'."", 'victim_profile': ""The victim is a college student actively seeking a summer internship to pay off student bills, making them financially vulnerable and eager for income. Their inexperience in the job market and with common scam tactics, combined with a potential lack of understanding of how bank check clearing processes work, made them susceptible. They were also trusting of the 'employer' and their instructions, even when typical hiring procedures were skipped."", 'recommendations': ['Be highly skeptical of unsolicited job offers, especially those found in spam folders or unexpected emails. Always verify the legitimacy of a company and job opening directly through their official website or LinkedIn profile, not just by replying to an email.', 'Legitimate employers will always conduct interviews (phone, video, or in-person) and follow a formal hiring process. Lack of interviews or vetting is a major red flag.', 'Never accept a job offer that asks you to deposit a check and then wire money, purchase gift cards, or send money back to anyone for any reason. This is a classic fake check scam.', ""Understand banking procedures: funds made 'available' by your bank do not mean the check has 'cleared'. It can take weeks for a check to fully clear, and if it's fraudulent, you will be held responsible for the entire amount."", 'Never use your personal bank account for company expenses, especially if the company is not well-established or you have not met anyone in person.', 'If a job requires you to purchase equipment or supplies, a legitimate employer will provide them directly, issue a company credit card, or reimburse you *after* a proper approval process, never by sending you a check to then send money elsewhere.', ""Report all suspicious job offers to your college's career services and IT department, as well as the Federal Trade Commission (FTC), FBI's Internet Crime Complaint Center (IC3), and local law enforcement."", ""If you have been scammed, contact your bank immediately to report the fraud. While reimbursement is rare in fake check scams, it's crucial for the bank to be aware and to close any compromised accounts.""], 'confidence': 100}",50
11338911,2025-10-23T11:41:00.238169,1428,{},"{'scam_probability': 100, 'red_flags': ['Unsolicited job/internship offer via email.', ""Quick 'hiring' process without formal interviews or background checks."", ""Demand for upfront payment for 'materials' for the internship."", 'Promise of reimbursement after the victim pays out of pocket.', ""Use of digital checks as payment for 'reimbursement'."", ""Pressure to send money out-of-pocket because 'digital checks' take time to clear."", 'The timeline for check processing (a week) is used to create urgency for the victim to pay.', 'Contact person became unresponsive after the victim sent money.', ""The 'reimbursement' checks were ultimately fake, leading to complete loss of funds.""], 'financial_risk': 'High', 'scam_type': 'Fake Check Scam / Advance Fee Scam (Job/Internship Scam Variant)', 'victim_profile': ""The victim was likely seeking an internship opportunity, making them vulnerable to attractive job offers. Their unfamiliarity with banking processes, especially the difference between funds being 'available' and 'cleared' for deposited checks, was exploited. The desire to secure the role ('so that I could get the role') and the perceived urgency (schedule didn't align) made them susceptible to paying out of pocket, trusting the 'reimbursement' promise."", 'recommendations': ['Be highly suspicious of unsolicited job or internship offers, especially those not requiring a formal interview process.', 'Legitimate employers/internships will never ask you to pay for materials, equipment, or training upfront, especially with the promise of future reimbursement.', 'Never send money to a potential employer or anyone claiming to be part of the hiring process.', ""Understand how checks work: funds deposited from a check are often made 'available' by your bank before the check has fully 'cleared'. Always wait for a check to fully clear (which can take several business days, sometimes longer) before spending, withdrawing, or sending any money based on that deposit. If the check bounces, you are responsible for the funds."", 'Verify any job offer directly with the company through official channels (e.g., their official website, not links provided in suspicious emails).', ""If an employer sends you a check and asks you to use part of it to pay a third party (for materials, software, etc.), it's almost certainly a scam."", 'Monitor your bank accounts regularly for suspicious activity.', 'Report any suspicious job offers to the Federal Trade Commission (FTC), FBI (IC3), and your bank.'], 'confidence': 100}",50
11582419,2025-10-23T11:41:14.727003,636,"{'financial_red_flags': ['fake check', 'zelle']}","{'scam_probability': 100, 'red_flags': [""Job offer requiring the victim to purchase equipment from a specific vendor (or via funds provided by the 'company')"", 'Receipt of a check (often for an amount greater than needed) for supposed equipment purchases or job-related expenses', 'Instruction to deposit a check and then immediately send a portion of the funds via an irreversible payment method like Zelle, Cash App, or wire transfer', ""The 'company' fronting as a legitimate employer, but using unofficial or suspicious communication methods"", 'Bank eventually identifying the check as fraudulent after the victim has already sent money', 'Pressure to act quickly before the check fully clears, often under the guise of starting work soon'], 'financial_risk': 'High', 'scam_type': ""Fake Check / Overpayment Scam (often an Employment/Work-From-Home Scam variant). The scam leverages the desire for employment to trick victims into depositing a fraudulent check and then sending 'excess' funds to the scammer via an irreversible payment method."", 'victim_profile': ""The victim was actively seeking employment ('avidly trying to get a XXXX XXXX XXXX XXXX'), which makes individuals highly vulnerable to attractive job offers, especially those promising remote work or seemingly easy entry. A lack of awareness regarding fake check schemes and the irreversible nature of Zelle transactions (especially when dealing with unknown parties) contributed to their vulnerability. The urgency associated with starting a new job also likely played a role in the victim's willingness to follow instructions without sufficient due diligence."", 'recommendations': ['Never send money back to someone who overpays you, especially if the payment comes from a check and you are asked to send funds via a different, irreversible method.', 'Be highly suspicious of any job offer that requires you to purchase equipment or materials from a specific vendor, especially if they send you a check for the purchase.', ""Verify the legitimacy of any job offer directly with the company using official contact information found independently (e.g., their official website), not through contact details provided by the 'recruiter'."", ""Understand that funds from a deposited check can be made 'available' by your bank before the check has fully cleared. Always wait for a check to *fully clear* (which can take several days to weeks) before spending the money or sending any portion of it."", 'Be cautious of payment apps like Zelle, Venmo, or Cash App for business transactions with unknown parties. These are designed for sending money to trusted friends and family, and transactions are generally irreversible once sent.', ""If you suspect a job offer is a scam, do not engage. Report it to the Federal Trade Commission (FTC), the FBI's Internet Crime Complaint Center (IC3), and your state's Attorney General."", 'Educate yourself on common scam tactics, particularly fake check scams and employment scams.'], 'confidence': 100}",60
11913356,2025-10-23T11:41:45.665653,5752,"{'financial_red_flags': ['send money'], 'urgency_pressure': ['immediately'], 'communication_red_flags': ['text message']}","{'scam_probability': 100, 'red_flags': ['Unsolicited job offer/approach from an unknown individual claiming affiliation with a legitimate organization.', 'Insistence on overpayment, paying in full upfront with a check, even when a deposit was suggested.', ""Use of a cashier's check, which can appear legitimate but is often forged in scams."", ""Urgency to deposit the check 'as soon as possible' and 'digitally' upon delivery."", ""False assurance from the scammer that funds were 'successfully deposited and deducted' from their account immediately, despite the victim's account still showing funds as pending."", 'Sudden and unexpected cancellation of the project shortly after the check deposit.', ""Immediate request to 'refund' a portion of the payment (the 'overpayment') using a quick, non-reversible digital payment method (e.g., Zelle, email-based transfer)."", ""Provision of fake documentation (e.g., 'school cancellation letter') to legitimize the refund request."", ""The check ultimately bouncing/reversing due to being fraudulent, causing the victim's account to go into negative."", ""The scammer going 'dark' and ceasing communication once confronted about the fake check and the victim's losses.""], 'financial_risk': 'High', 'scam_type': ""Fake Check Scam / Overpayment Scam (a form of Advance Fee Fraud). The core mechanism involves sending a fraudulent check for an amount exceeding the agreed-upon payment, then instructing the victim to send back the 'overpaid' difference before the fake check is identified by the bank."", 'victim_profile': ""The victim appears to be a freelancer or service provider (e.g., illustrator) actively seeking work or clients. Vulnerability factors include a natural desire for legitimate work and income, potential lack of awareness regarding the mechanics of fake check scams (specifically, how banks provisionally credit funds before they clear), and susceptibility to the scammer's urgency and deceptive communication designed to build trust and pressure immediate action."", 'recommendations': [""**Verify the Employer/Client:** Always independently verify the legitimacy of any company or individual offering work. Use official contact information from their genuine website, not information provided by the prospective 'client'."", '**Beware of Overpayment Schemes:** Never accept a check or payment for more than the agreed-upon amount and then be asked to send the difference back. This is a nearly universal sign of a fake check scam.', ""**Understand Bank Clearing Times:** Do not spend, withdraw, or send money from a deposited check until your bank explicitly confirms that the funds have *fully cleared* and are truly available. Provisional credit means the money appears in your account, but it's not actually yours until the check processes, which can take 5-10 business days or more for fraudulent checks."", '**Use Secure and Reversible Payment Methods for Client Payments/Refunds:** If a legitimate refund is ever required, use secure, traceable, and potentially reversible methods (e.g., direct bank transfer with clear recipient verification, credit card refunds). Avoid non-reversible digital payment apps (like Zelle, Cash App, Venmo) for sending money to unverified individuals, as these are often used by scammers.', '**Insist on Verification for Urgent or Unusual Requests:** If a client makes urgent requests for money transfers or sudden project changes that involve sending money, insist on a phone call or video conference to verify their identity and the legitimacy of the request.', ""**Report to Authorities:** Report the scam to relevant authorities such as the Federal Trade Commission (FTC), the FBI's Internet Crime Complaint Center (IC3), and local law enforcement."", ""**Persist with Bank Claims:** Although denied initially, gather all evidence (communications, check images, bank statements) and try to escalate the claim with the bank's fraud department. While recovery is difficult, it's worth pursuing."", '**Educate Yourself:** Learn about common employment and payment scams to recognize red flags proactively.'], 'confidence': 100}",65
11576878,2025-10-23T11:41:57.994428,673,"{'financial_red_flags': ['check bounced', 'zelle']}","{'scam_probability': 100, 'red_flags': ['Received an illegitimate check to cash and then transfer funds', ""Transferring funds to 'another account' for an 'organization'"", ""The premise of 'Aiding the less fortunate' used as a pretext"", ""Lack of understanding of check clearing times ('Before the check bounced the money was gone')"", 'Involvement of Zelle (or similar instant payment apps) for transferring funds received from a check deposit', 'Victim was unemployed, making them vulnerable to job-related scams', 'The offer involved handling funds for a third party without direct employment confirmation or clear job duties'], 'financial_risk': 'High', 'scam_type': 'Fake Check Scam / Employment Scam / Advance Fee Scam', 'victim_profile': ""The victim was likely unemployed, seeking work, and possibly in a financially vulnerable position, which made them susceptible to a fraudulent job offer or opportunity. They demonstrated a lack of awareness regarding how checks clear at banks and the irreversible nature of instant money transfers (like Zelle) once a fraudulent check bounces. Their desire to help a 'charitable' organization or start a new job was exploited."", 'recommendations': [""Never transfer money back to anyone who sends you a check, especially if it's for an 'overpayment', 'supplies', or to 'send to a third party'."", ""Understand that 'funds available' in your account does not mean the check has 'cleared'. Banks are required to make deposited funds available quickly, but it can take days or weeks for the check to fully clear and be verified as legitimate. If the check bounces, you are responsible for the funds."", 'Be extremely wary of any job offer that requires you to deposit a check and then use some of the money to send funds via Zelle, wire transfer, gift cards, or cryptocurrency to a third party.', 'Always verify the legitimacy of employers or organizations independently through official websites, not just contact information provided by the supposed employer.', 'Legitimate employers do not typically send you a check to purchase equipment or materials from a specific vendor; they provide the equipment directly or reimburse you *after* you have purchased it with your own, clearly available funds and started work.', 'Use Zelle and similar instant payment apps only with people you know and trust. Funds sent via these apps are usually irreversible.', 'If a job offer seems too good to be true, it likely is. Research the company and the specific job offer thoroughly.', ""Report the scam to local police, the Federal Trade Commission (FTC), and the FBI's Internet Crime Complaint Center (IC3).""], 'confidence': 100}",60
4635636,2025-10-23T11:42:12.542649,714,"{'financial_red_flags': ['money order'], 'urgency_pressure': ['right away']}","{'scam_probability': 100, 'red_flags': [""Unsolicited job offer with promise of easy, high pay ('get {[AMOUNT]} per week')"", 'Received an unexpected check in the mail, larger than expected pay', ""Urgency to deposit the check and send money ('needs to go today')"", ""Instructions to deposit a check and immediately send a portion of the funds back to the 'employer' or a third party"", 'Use of irreversible payment methods like money orders', 'Pressure tactics to send money via overnight mail', 'Bank stated they cannot credit the victim back, indicating the deposited check bounced'], 'financial_risk': 'High', 'scam_type': ""Fake Check / Overpayment Scam (disguised as a job offer). The scammer sends a fraudulent check (often for more than the agreed amount, or for a supposed 'start-up' cost), instructs the victim to deposit it and then immediately wire back or send a portion of the funds via irreversible methods (money order, wire transfer, gift card) before the fake check is identified and bounces, leaving the victim responsible for the entire amount sent."", 'victim_profile': ""The victim is currently unemployed and actively looking for ways to make 'extra money,' which makes them vulnerable to appealing but fraudulent job offers. They were likely seeking a quick and easy source of income, and perhaps lacked a full understanding of how bank check clearing processes work, leading them to believe the funds were 'good' as soon as they were available in their account. Their financial distress and desire for employment made them susceptible to the scammer's promises and pressure tactics."", 'recommendations': [""Never send money back to anyone who sends you a check, especially if it's for more than the expected amount."", ""Always wait for a check to fully clear your bank account (which can take days or even weeks) before spending any of the money or sending funds to another party. 'Funds available' does not mean 'check cleared'."", 'Be highly suspicious of any job that requires you to deposit a check and then send money via wire transfer, money order, or gift cards to a third party or back to the employer.', 'Research any prospective employer thoroughly. Legitimate companies have professional websites, verifiable contact information, and do not conduct business this way.', 'If you suspect a check is fraudulent, do not deposit it. Take it to your bank and explain your suspicions.', 'Report the scam to your bank immediately, local law enforcement, the Federal Trade Commission (FTC), and the Internet Crime Complaint Center (IC3).'], 'confidence': 100}",60
4516979,2025-10-23T11:42:27.048721,2240,"{'financial_red_flags': ['fake check', 'check bounced', 'money order']}","{'scam_probability': 100, 'red_flags': ['Original job listing removed from website quickly.', ""Contacted by a 'partner' for a *different* job than the one applied for."", ""Job description involving 'running personal errands' and handling 'donations' for foster care and 'invoices to colleagues' for a school (unusual duties for a school position)."", 'Rapid hiring process with a start date set within a week, often bypassing formal interviews or thorough vetting.', 'Received a check (implied, as it bounced) and was immediately instructed to make purchases (XXXX XXXX XXXX) and send money via money orders.', 'The received check bounced, leading to an overdrawn bank account.', 'The school district confirmed they did NOT host the job listing for the specific position described by the scammer.', ""Victim's independent research revealed multiple similar 'XXXX XXXX jobs' with the same suspicious format."", ""Bank representative acknowledged this as a 'common thing' (a common scam)."", 'Money orders were sent to an address in a different state (XXXX, TX) which may be a drop address and likely untraceable.'], 'financial_risk': 'High', 'scam_type': 'Fake Check Scam / Employment Scam', 'victim_profile': 'The victim is highly vulnerable, recently experiencing homelessness and long-term unemployment, making them desperate for income and a stable job. This desperation likely made them more susceptible to a seemingly quick and easy job offer. They were actively seeking legitimate employment through a job board, indicating a genuine need. Their financial precarity (just getting out of negative balance) makes the impact of the scam particularly devastating. While initially trusting, they demonstrated proactive vigilance by checking their bank account, contacting the bank, performing research, and filing multiple reports once suspicion arose.', 'recommendations': ['Always verify job offers directly with the hiring company or institution using contact information found independently on their official website, not contact details provided by the recruiter or in the job listing.', 'Be extremely wary of any job that requires you to deposit a check and then immediately use a portion of that money to send to others via money order, wire transfer, or gift cards. This is a hallmark of a fake check scam.', 'Understand that banks are legally required to make deposited funds available quickly, but this does NOT mean the check has cleared. If a check bounces days or weeks later, you are responsible for repaying the bank.', 'Legitimate employers will not ask you to handle personal errands involving significant financial transactions or use your personal bank account to manage company funds or donations.', 'If a job offer seems too good to be true, moves too quickly, or has unusual payment terms, it is likely a scam. Conduct thorough due diligence.', 'Continue to monitor your bank accounts for any further suspicious activity. Inform your bank of all details regarding the scam.', 'Keep detailed records of all communications, transactions, and reports filed. While recovering funds in a fake check scam is challenging, these records are crucial for any potential future investigations or legal recourse.'], 'confidence': 100}",65
5834474,2025-10-23T11:42:49.110579,8157,{'financial_red_flags': ['mobile deposit']},"{'scam_probability': 100, 'red_flags': [""Job offer for remote employment involved receiving checks to purchase 'office equipment'."", ""Instructed to deposit a check (mobile deposit) and then immediately send money to 'equipment suppliers'."", ""The assumption that money 'cleared' after mobile deposit meant the check was valid (funds availability vs. actual clearing)."", ""Communication about job opportunity/funds via a messaging platform ('XXXX') where another potential victim was alerted."", ""Another person received a similar fraudulent check for the same 'job opportunity', which their bank detected as fraudulent."", ""Legitimate employers do not typically send checks for employees to purchase equipment from specific, often unknown, 'suppliers' and then immediately send funds."", ""The 'company XXXX' is not adequately verified and is likely a shell for the scam.""], 'financial_risk': 'High', 'scam_type': ""Fake Check Employment Scam (also known as Work-from-Home Scam or Overpayment Scam). The job offer is a pretext to get the victim to deposit a fraudulent check and then send their own 'good' money to the scammers before the fake check bounces."", 'victim_profile': ""The victim is a recent XXXX XXXX, actively looking for jobs in the market, making them highly susceptible to appealing job offers, especially remote ones. They likely misunderstood the banking process of 'funds availability' versus 'check cleared,' believing the initial 'clearing' by Truist validated the check. Their eagerness for employment and lack of experience with this specific type of scam (despite prior fraud experience) contributed to their vulnerability."", 'recommendations': ['**Never transfer money from a check deposit to a third party until the check has irrevocably cleared.** This can take up to two weeks, sometimes longer, not just a few days for funds availability.', ""**Be highly suspicious of any job offer that requires you to deposit a check and then send a portion of those funds to a 'supplier' or another party.** Legitimate employers typically provide equipment directly or reimburse proven expenses after the fact, not through upfront checks to third-party vendors."", ""**Verify all job offers independently.** Contact the company directly through their official website, not through email addresses or phone numbers provided in the job offer or by the 'employer.'"", ""**Understand the difference between 'funds available' and 'check cleared'.** Banks make funds available quickly, but if the check turns out to be fraudulent, the depositor is responsible for returning the money."", '**Continue reporting the scam to relevant authorities:** Federal Trade Commission (FTC), FBI Internet Crime Complaint Center (IC3), state Attorney General, and the Consumer Financial Protection Bureau (CFPB). (The victim has already taken positive steps here).', '**Consider seeking legal advice** regarding potential recourse against the bank, especially given the alleged systemic issues and claims of other customers experiencing similar problems.', '**Monitor personal credit reports** and bank statements closely for any further suspicious activity, as interactions with scammers can sometimes lead to identity theft attempts.'], 'confidence': 100}",55
5903957,2025-10-23T11:43:09.970032,2103,{'financial_red_flags': ['mobile deposit']},"{'scam_probability': 100, 'red_flags': [""Victim identified the job as 'too good to be true' in retrospect, a common scam indicator."", ""Received checks from the 'employer' (XXXX) *before* officially starting work or receiving the first payroll."", ""Instructed by the 'hiring department employees' to deposit these checks and then use the funds to make payments to third parties (for work laptop, software, office set-up). Legitimate employers provide equipment directly or reimburse purchases through official channels, not by having employees use personal funds derived from a check they provide."", 'Instructions to use a P2P payment service (referred to as XXXX) for these payments. P2P services offer minimal fraud protection and are not typically used for business-to-vendor transactions initiated by an employer.', 'The deposited checks were subsequently returned as fraudulent/bad by the bank, indicating they were fake.', ""The 'hiring department' gave the victim 'the run around' when asked for reimbursement, a classic sign of a scammer avoiding accountability."", 'The involvement of local police and the Federal Trade Commission, with the police deeming it fraud, strongly corroborates it as a scam.'], 'financial_risk': 'High', 'scam_type': ""Employment Scam combined with a Fake Check Scam and an Advance Fee Scam. The 'advance fee' was disguised as payments for work equipment, which the victim was instructed to make using funds from the fraudulent checks."", 'victim_profile': ""The victim was unemployed and actively seeking a job, which increases vulnerability due to financial pressure and a strong desire for employment. They likely exhibited trust in the perceived legitimacy of the job offer, interview process, and the 'hiring department.' They were also likely unaware of common fake check scam tactics and the critical difference between funds being 'available' in a bank account versus a check being 'fully cleared' and legitimate. Their long-standing loyalty to their bank may have also contributed to a false sense of security regarding the deposited checks."", 'recommendations': ['Never send money to an employer for equipment, software, or setup costs. Legitimate companies either provide equipment directly, use corporate accounts, or reimburse employees *after* a verified purchase from an approved vendor.', ""Be highly skeptical of unsolicited job offers, especially those that seem 'too good to be true.' Always verify the legitimacy of the company and the job directly through their official website/HR department, not using contact information provided in a suspicious email."", ""Understand bank check clearing times: Funds made available from a deposited check do not mean the check is legitimate. It can take weeks for a check to fully clear, and if it's fraudulent, the bank will eventually reverse the deposit, and you will be responsible for any funds spent."", ""Avoid using peer-to-peer (P2P) payment services (e.g., Zelle, Cash App) for business transactions, especially when instructed by a new 'employer.' These services are designed for transfers between trusted individuals and offer little to no fraud protection for business-related transactions."", 'Be wary of any job that involves receiving money (especially via check) and then being instructed to send a portion of it elsewhere. This is a hallmark of fake check scams.', ""If you suspect fraud, report it immediately to your bank, local police, the Federal Trade Commission (FTC), and the FBI's Internet Crime Complaint Center (IC3).""], 'confidence': 100}",55
5805173,2025-10-23T11:43:24.695774,650,{},"{'scam_probability': 100, 'red_flags': ['Unsolicited message offering money from an unknown person.', ""Lack of transparency about the sender's company or legitimate business details."", 'The offer of money came without any clear job application process or explanation of services.', 'Sending a check via email â€“ legitimate businesses rarely send checks this way, and certainly not for unsolicited money offers.', 'Immediate request to send a portion of the received funds to a third party (grandma, doctor) for an unrelated reason (medical bill). This is a hallmark of fake check scams.', ""Emotional manipulation (grandma's medical bill) used to create urgency and justification for sending money."", 'Multiple requests for money transfers after the initial one.', ""The bank's confirmation that the victim is responsible for the funds indicates the original check was fraudulent.""], 'financial_risk': 'High', 'scam_type': 'Fake Check Scam (also an Advance Fee component)', 'victim_profile': 'The victim is unemployed and a student needing money for tuition, indicating financial vulnerability and a strong motivation to accept an offer of money. This makes them susceptible to offers that seem too good to be true, especially when presented as a quick solution to financial hardship.', 'recommendations': [""Never send money to someone who has sent you a check, especially if it's an unsolicited offer or a 'job' that requires you to forward funds."", 'Be extremely suspicious of any unsolicited offers of money or employment that involve receiving a check and then being asked to send a portion of the money elsewhere.', 'Always wait for your bank to confirm a check has *fully cleared* (which can take several business days, sometimes weeks), not just when funds are made available, before spending any of the money or sending funds to anyone.', 'Verify the legitimacy of any company or individual offering money or employment. Look for official websites, contact information, and reviews.', 'Educate yourself and your family about common scam tactics, particularly fake check scams.', ""Report the scammer's contact information (messaging app profile, email) to the respective platforms."", ""Contact law enforcement (e.g., local police, FBI's Internet Crime Complaint Center - IC3.gov) to report the crime.""], 'confidence': 100}",50
6504818,2025-10-23T11:43:38.112200,1301,{},"{'scam_probability': 100, 'red_flags': ['Employer requested download of a specific, non-standard app for the interview process.', ""Employer sent checks for 'startup materials' before official start or without verification."", 'Sending multiple checks for a single purpose.', ""Instruction to immediately send money to 'vendors' via XXXX bank payments (e.g., Zelle, Cash App, Venmo, wire transfer) after depositing the check, but before the check fully cleared."", ""Exploiting the common misunderstanding that a deposited check is immediately 'good' funds."", ""The employer's dismissive 'Okay.' response and immediate ghosting after the victim reported the checks bounced."", 'The use of irreversible payment methods (XXXX bank payments) that banks cannot recover.', 'The job listing platform (XXXX) and employer (XXXX) details could not be verified by the victim as legitimate for that role.'], 'financial_risk': 'High', 'scam_type': 'Fake Check / Employment Scam (Advance Fee Variant)', 'victim_profile': ""The victim is currently unemployed, making them more vulnerable and eager to secure employment. They exhibited a lack of awareness regarding how bank checks clear, trusting that funds were available immediately after deposit. They also placed trust in the 'employer's' instructions to send money to 'vendors' via irreversible payment methods, likely due to the perceived authority of the employer and the urgency created by the scammers."", 'recommendations': ['Always verify job offers directly through official company websites and contact information, not just through the listing platform or email from the recruiter.', ""Never send money to an employer for 'startup costs,' 'equipment,' or 'materials,' especially if they send you a check and instruct you to send money back or to a third party."", 'Understand that a deposited check does not mean the funds have cleared. It can take 5-10 business days (or more) for a check to fully clear, and your bank can hold you responsible if it bounces.', 'Be suspicious of any job offer that involves receiving a check and then being asked to send a portion of that money elsewhere via wire transfer, Zelle, Cash App, Venmo, or gift cards.', 'Be wary of interview processes that require downloading obscure apps, conducting text-only interviews, or are unusually brief for the role.', ""Report the scam to the job listing platform, the FTC (ftc.gov), the FBI's Internet Crime Complaint Center (IC3.gov), and your local law enforcement."", 'Contact your bank immediately to understand all options, report the fraudulent activity, and discuss any potential relief for the negative balance, though recovery of funds sent via irreversible methods is unlikely.', 'Educate yourself on common employment scams and fake check scams to recognize red flags.'], 'confidence': 100}",50
3604669,2025-10-23T11:43:56.248659,1707,"{'urgency_pressure': ['immediately'], 'job_red_flags': ['work from home']}","{'scam_probability': 100, 'red_flags': ['Unsolicited job offer message with a link (potential phishing/malware or fake application).', ""Extremely quick hiring process: 'Received emails stating that I had been employed' without apparent interviews or thorough vetting."", 'Claim of boss being injured and needing an assistant immediately (creates urgency and explains lack of face-to-face contact).', ""Received a check from the 'employer' with instructions to pay an 'invoice' or third party (classic fake check scam tactic)."", ""Pressure to pay an invoice that was 'due that day' before the deposited check had fully cleared."", ""Request to purchase a gift card, initially framed as a 'gift' for a late payment, then more gift cards for Mr. XXXX (gift cards are untraceable and a major red flag for scams)."", 'Misunderstanding of bank funds availability vs. actual check clearing (banks often make funds available before the check is confirmed legitimate).', ""Instructions to send money via a 'cashier's check' (considered guaranteed funds) to the scammer's associates after the fake check 'cleared' the victim's account."", 'The check was eventually returned as fraudulent, indicating a fake check scam.'], 'financial_risk': 'High', 'scam_type': ""Fake Check Employment Scam (also known as Work-From-Home Scam or Overpayment Scam). The scammer sends a fraudulent check, often for an amount greater than what's 'owed', and instructs the victim to deposit it, then send a portion of the money (or the 'overpayment') back to them or a third party before the fake check is discovered."", 'victim_profile': ""The victim appears to be a job seeker, actively looking for employment and thus vulnerable to enticing job offers. They were likely unaware of common banking practices regarding check clearing times and the liability for depositing fraudulent checks. The victim also exhibited a willingness to follow instructions from the 'employer' without critical scrutiny, possibly due to excitement for the new job and a desire to make a good impression. The 'injured boss' and 'urgent invoice' narratives likely played on their empathy and created a sense of urgency, bypassing caution."", 'recommendations': [""Always independently verify job offers and companies. Research the company's official website, contact numbers, and reviews. Be wary of unsolicited offers or quick hiring processes without formal interviews."", 'Never accept a job that requires you to pay money to the employer, purchase equipment from a specific vendor, or process payments on their behalf using your personal bank account.', 'Be extremely skeptical of any request to deposit a check and then send a portion of the money back, pay a third party, or purchase gift cards. This is a hallmark of a fake check scam.', ""Understand bank check clearing policies: Just because funds are 'available' in your account does not mean the check has fully cleared. It can take several business days or even weeks for a check to be officially validated by the issuing bank. Always wait for full clearance before spending money from a deposited check, especially if it's from an unknown source."", 'Never send money via untraceable methods like gift cards, wire transfers, or cryptocurrency for work-related tasks.', ""Report the scam to local law enforcement, the Federal Trade Commission (FTC), and the FBI's Internet Crime Complaint Center (IC3)."", ""Contact your bank's fraud department immediately if you suspect you've deposited a fraudulent check or fallen victim to a scam. While funds may be gone, they can advise on next steps and potentially help protect your account."", 'Monitor your bank accounts and credit reports for any further suspicious activity.'], 'confidence': 100}",60
6419337,2025-10-23T11:44:22.702290,4211,{'financial_red_flags': ['mobile deposit']},"{'scam_probability': 100, 'red_flags': ['Unsolicited job offer shortly after applying online, quickly moving to contact via messaging app (XXXX) instead of formal channels.', ""The 'employer' (XXXX XXXX) being an individual via a messaging app, rather than official company communication."", 'Being sent funds (a check) to pay for supplies, instead of the employer providing supplies directly or reimbursing after a legitimate purchase.', ""The check being sent in .pdf form, indicating it's likely a fraudulent, easily reproducible check."", 'Instructions to use a mobile deposit feature, which can expedite provisional credit while avoiding in-person bank scrutiny.', ""Immediate instruction to send a portion of the deposited funds to a 'local vendor' via a peer-to-peer payment app (XXXX like Zelle), before the original check has truly cleared."", ""The scammer's insistence on the victim contacting the bank to lift transfer limitations, indicating pressure and urgency."", ""The bank explicitly identifying the situation as a 'known scam' when contacted about lifting limitations."", ""The scammer's continued attempts to communicate and pressure the victim to send more money to a 'different XXXX account' even after the initial transaction was flagged."", ""Official bank notification that the deposited check was 'altered/fictitious' and returned."", ""The bank's practice of making deposited funds 'available' for withdrawal or transfer before the check has fully cleared, which is often exploited by scammers (though a standard banking practice, it creates a vulnerability)."", ""The bank refusing to refund the XXXX transaction, categorizing it as an 'instructed' payment despite it being part of a reported fraud scheme."", ""The victim's account being frozen by the bank without prior notification, leading to further financial distress."", ""The victim's unemployment and eagerness for work, making them a vulnerable target for quick job offers.""], 'financial_risk': 'High', 'scam_type': 'Fake Check Scam / Overpayment Scam (Work-from-Home Variant)', 'victim_profile': ""The victim is unemployed and actively seeking work, making them highly vulnerable to seemingly legitimate job offers that promise quick income. They are eager to start working and may not be fully aware of the mechanics of bank check clearing times or common scam tactics involving provisional funds. Their trust in the initial 'approval' by the bank (due to funds availability) was exploited."", 'recommendations': [""Never send money back to an employer, vendor, or anyone else after depositing a check they sent you, especially if you are asked to do so before the check has fully cleared (which can take 10-14 business days, not just a day or two for funds to become 'available')."", ""Be highly suspicious of any job offer that involves receiving a check and then being instructed to use a portion of it to pay for supplies, software, or other fees from a 'third-party vendor.' Legitimate employers provide necessary equipment or reimburse employees after an authorized purchase."", 'Verify the legitimacy of the employer and job offer. Contact the company directly using official contact information from their website, not information provided by the alleged recruiter.', 'Be cautious of job communications conducted solely through messaging apps (e.g., WhatsApp, Telegram) or generic email addresses, rather than official company email domains.', ""Understand bank funds availability policies: 'Available funds' does not mean the check has cleared. It can take weeks for a check to fully clear, and you are responsible if a fraudulent check bounces."", 'Exercise extreme caution with peer-to-peer payment apps (Zelle, Cash App, Venmo) as transactions are often irreversible and akin to sending cash. Only send money to people you know and trust.', ""Report the scam to the FBI Internet Crime Complaint Center (IC3.gov), the Federal Trade Commission (FTC.gov), and your state's Attorney General."", ""Continue to work with your bank's fraud department to understand all available options for disputing transactions, even if initially denied. Provide all evidence of deception."", 'Monitor your credit report closely for any signs of identity theft or unauthorized activity, especially since accounts were frozen.', ""Seek legal advice if necessary regarding the bank's actions, especially concerning the freezing of accounts without notification and the refusal to refund the fraudulent transaction, to determine if regulations like the Electronic Fund Transfer Act (Reg. E) are applicable."", 'Be wary of any job that requires you to pay money to get started, regardless of the reason.'], 'confidence': 100}",55
7212558,2025-10-23T11:44:38.414436,1983,"{'financial_red_flags': ['send money', 'venmo', 'office supplies'], 'urgency_pressure': ['immediately']}","{'scam_probability': 100, 'red_flags': ['Impersonation of a legitimate company (XXXX XXXX XXXX) in job offer communication.', ""Requirement to download a specific 'wire application' for communication, bypassing standard company channels."", 'Receiving a check for office supplies and equipment (computer, printer, scanners) *before* officially starting or having an onboarding process.', ""Instruction to send money to 'vendors' for equipment using Venmo, a peer-to-peer payment app unsuitable for large business transactions."", ""The perpetrator's apparent knowledge of when funds 'appear' in the victim's account versus when the check actually clears, exploiting the bank's processing times."", ""The 'dream job' narrative used to manipulate the victim's judgment."", ""Venmo's policy confirming no protection for these types of transactions, indicating it's outside of standard safe practices."", 'Victim never received any equipment, goods, or services, despite sending funds.'], 'financial_risk': 'High', 'scam_type': ""Fake Check / Job Offer Scam. This is a classic fake check scam where the scammer sends a fraudulent check for a higher amount than needed, instructs the victim to deposit it, and then demands a portion of the money be sent back (or to 'vendors') via an irreversible method (like Venmo) before the bank realizes the check is bad. The 'job offer' acts as the lure."", 'victim_profile': ""The victim is a job seeker, actively applying for positions. They are likely vulnerable due to the desire for employment and the excitement of a 'dream job,' which impaired their judgment. They may have been unfamiliar with typical corporate hiring and procurement processes, as well as the nuances of bank check clearing (funds appearing available vs. actual clearance). The victim also appears to be trusting of apparent financial transactions (money 'appearing' in the account)."", 'recommendations': [""Never send money back to anyone who sends you a check, especially if it's from a new 'employer' or an unknown source. A legitimate employer will not ask you to purchase your own equipment and then send money from a check they provided."", ""Always verify job offers directly with the company's official HR or recruitment department using contact information from the company's official website, not from the email/contact provided by the potential scammer."", 'Be suspicious of requests to use personal accounts (like Venmo, Zelle, Cash App) for business transactions, especially for purchasing equipment or forwarding funds.', 'Understand how bank check clearing works: Funds may appear available in your account within a day or two, but it can take weeks for a check to fully clear and for the bank to confirm its legitimacy. Always wait for checks to fully clear before spending or sending any money.', ""If an offer seems too good to be true, it likely is. 'Dream jobs' often mask scams."", ""Report the scam to the FBI's Internet Crime Complaint Center (IC3), the Federal Trade Commission (FTC), and your local police department."", 'Monitor your bank and Venmo accounts for any further unauthorized activity and continue to work with your bank to resolve the bounced check issue and potential charges.', 'Educate yourself on common job scams and financial fraud tactics.'], 'confidence': 100}",70
4035380,2025-10-23T11:44:52.962360,1618,{'urgency_pressure': ['immediately']},"{'scam_probability': 98, 'red_flags': ['Unsolicited job offer/interview shortly after posting resume (common initial contact for scams).', ""Company sending a check, especially overnight, for 'startup equipment' rather than providing equipment directly or reimbursing after purchase."", ""Requirement to deposit the check and then pay a 'trusted vendor' using those funds *before* starting work or even receiving equipment."", ""The instruction to send money back (to a 'vendor') after depositing a company-provided check is the hallmark of a fake check scam."", ""Bank indicating they can't do anything after the victim started to suspect, implying funds were already sent and the check subsequently bounced."", 'Victim losing access to mobile banking, possibly due to the bank flagging fraudulent activity or account issues related to the bounced check.', 'Victim now liable for the amount, confirming the check was fraudulent.', ""The 'company' (scammer) not taking responsibility or being unreachable/unresponsive."", ""Job platforms claiming 'backed by big banks' for safety, which can mislead users about their responsibility for fraudulent postings.""], 'financial_risk': 'High', 'scam_type': 'Fake Check / Job Overpayment Scam (Equipment Variant)', 'victim_profile': ""The victim is unemployed and actively seeking work, making them highly vulnerable and susceptible to opportunities that promise quick employment and financial relief. They likely have limited financial resources (relying on government unemployment funds), which exacerbates the impact of the scam. They may lack experience in identifying sophisticated job scams and trust entities reaching out through established job platforms. The desperation for a job leads to overlooking red flags and acting quickly on instructions, particularly those involving immediate payment for 'necessary' equipment."", 'recommendations': [""Be extremely skeptical of any job offer that requires you to deposit a check and then use those funds to pay a third-party 'vendor' for equipment, software, or supplies. Legitimate companies will provide equipment directly or reimburse you *after* you purchase it, not before."", ""Understand that 'funds availability' from your bank does NOT mean the check has cleared. Banks are often required to make funds available quickly, but it can take days or weeks for a check to truly clear. Always wait for the check to fully clear before spending any money."", 'Thoroughly research any company offering you a job. Verify their official website, contact information, and look for independent reviews. Be wary if communication is only via generic email addresses or messaging apps.', 'Never send money to a new employer, especially if they sent you a check. This is a classic fake check scam.', ""Report the scam to your bank immediately upon suspicion, and file a report with the Federal Trade Commission (FTC), the FBI's Internet Crime Complaint Center (IC3), and the relevant job platform."", 'If your bank account was compromised, change passwords and monitor your credit report for any unauthorized activity.', 'Educate yourself on common job scam indicators. If an offer seems too good to be true, it likely is.'], 'confidence': 100}",54
4239683,2025-10-23T11:45:32.619242,2912,{'communication_red_flags': ['text message']},"{'scam_probability': 100, 'red_flags': ['Interview conducted solely via chat/text (XXXX) without video or phone calls.', 'Job offer made extremely quickly and without thorough vetting process.', ""Employer offered to send a check to purchase equipment from a 'local vendor' specified by them."", ""Request to send money (from the deposited check or victim's own funds) to a third-party vendor *before* the initial check fully cleared the bank."", 'Check received was fraudulent, originating from an unrelated business address (liquor store).', 'Disappearing job posting after initial application.', ""Request for sensitive Personally Identifiable Information (PII) like a driver's license photo via email for a 'background check'."", ""Inability to verify the 'employer's' identity or claims through official channels (e.g., real XXXX XXXX on XXXX)."", 'Bank notified the victim that the deposited check was fraudulent/from a closed account.', ""Suspicion of identity theft confirmed by an unrelated real estate agent call, indicating the victim's phone number was used in another ad."", 'Scammers encouraging immediate action and payment.'], 'financial_risk': 'High', 'scam_type': ""This is a sophisticated combination of an Employment/Work-From-Home Scam, a Fake Check Scam, and an Advance Fee Scam, with a strong element of Identity Theft. The scammers pose as a legitimate employer, send a fraudulent check for 'equipment', and then trick the victim into sending their own money to a 'vendor' before the fake check bounces. Simultaneously, they collect personal identification for identity theft."", 'victim_profile': ""The victim is currently unemployed and was likely desperate and excited to secure a job. This emotional state made them more vulnerable to the scam, leading to reduced critical thinking and an eagerness to comply with requests, even offering their own money to expedite the process. They were also potentially unfamiliar with how bank check clearing processes work (funds being 'available' versus 'cleared') and the red flags of online job scams."", 'recommendations': ['Immediately cease all communication with the scammers.', ""Contact your bank (Chase) to report the full extent of the fraud, though recovering the transferred funds is unlikely once a cashier's check has been processed."", 'File a detailed police report with local law enforcement.', 'Ensure a comprehensive report has been filed with the FBI Internet Crime Complaint Center (IC3) and the Federal Trade Commission (FTC), providing all available details, including the communication logs and bank account information for the recipient.', ""Place a fraud alert and/or a credit freeze on your credit reports with all three major credit bureaus (Equifax, Experian, TransUnion) immediately to prevent further identity theft due to the shared driver's license."", 'Regularly monitor your bank accounts, credit card statements, and credit reports for any suspicious or unauthorized activity.', 'Change passwords for any online accounts that might have used the same email/password combination as was used in the job application process.', ""Educate yourself on common job scams: never pay money to get a job, be wary of chat-only interviews, verify company legitimacy independently, and never send money back from an 'overpayment' or use funds from a check before it has fully cleared (which can take weeks, not days)."", ""Do not attempt to trace the scammer's IP address yourself; this should be left to law enforcement if they pursue the case.""], 'confidence': 100}",55
1306236,2025-10-23T11:45:51.523973,1365,{},"{'scam_probability': 100, 'red_flags': ['Unsolicited job offer via email.', 'Rapid hiring process without a formal interview or extensive vetting (implied by quick acceptance after paperwork).', ""Job duties involve receiving funds into a personal bank account and then forwarding them to 'customers' or 'other parties' via untraceable methods (Money Gram)."", 'Instructions to use Money Gram, a method favored by scammers due to its irreversible nature.', ""The initial funds deposited into the victim's account were reversed shortly after the victim sent money, confirming the fraudulent nature of the deposit."", ""The job title 'processing checks for their customers as well as funding loans' is a common cover for money mule activities."", ""The victim's research 'not finding anything negative' is insufficient; scammers often impersonate legitimate companies or create convincing fake online presences.""], 'financial_risk': 'High', 'scam_type': ""Fake Check / Money Mule Scam. The victim was recruited as an unwitting intermediary (money mule) to transfer fraudulently obtained funds. The funds initially deposited into the victim's account were fraudulent (e.g., fake check, stolen funds, reversed transfer). The victim sent their own money (or money from their bank for which they are liable) via Money Gram before the fraudulent deposit was detected and reversed by the bank."", 'victim_profile': 'The victim is unemployed and actively seeking work, making them highly motivated and potentially vulnerable to attractive job offers. They attempted some due diligence by researching the company but were unable to identify the scam. They likely trusted the employer, possibly due to the professional-seeming paperwork and communication, and were unaware of how this type of financial scam operates, specifically regarding the processing time for bank deposits.', 'recommendations': ['Never accept a job offer that requires you to receive money into your personal bank account and then send it to other individuals or companies, especially via untraceable methods like Money Gram or Western Union.', 'Be highly suspicious of unsolicited job offers, especially those promising high pay for simple tasks or work-from-home opportunities without significant experience.', 'Thoroughly verify the legitimacy of any company and job offer through independent sources (e.g., official company website, LinkedIn, Better Business Bureau) and do not rely solely on information provided by the potential employer.', 'Be wary of job offers that skip traditional hiring steps like formal interviews (in-person or video) or extensive background checks.', ""Understand that even if funds appear in your bank account, they are not truly 'cleared' until your bank confirms the source is legitimate, which can take days or weeks. You are responsible for any funds you send out if the initial deposit is later found to be fraudulent."", ""Immediately report the scam to your bank, local law enforcement, the FBI's Internet Crime Complaint Center (IC3), and the Federal Trade Commission (FTC)."", 'Change any passwords associated with accounts that might have been compromised (e.g., email account where the initial job offer was received).'], 'confidence': 100}",50
5187241,2025-10-23T11:46:08.553264,910,{'financial_red_flags': ['zelle']},"{'scam_probability': 100, 'red_flags': ['Unsolicited job offer received via email, especially a student email, often used for phishing/scams.', 'Claim of affiliation with reputable institutions (government department, university) without verifiable official contact information or standard hiring processes.', ""The 'employer' provided a letter of employment and a check *before* any work was performed or official onboarding completed."", ""The check was a 'paper check' for deposit, which is a common method for fake check scams."", ""Instruction to deposit a check and then immediately send a portion of the funds to a third party or back to the 'employer' *after* the initial deposit 'cleared' but before the check fully processed (which can take weeks)."", ""Requesting funds to be sent via irreversible payment methods like Zelle or similar (indicated by 'XXXX')."", ""The bank (Navy Federal Credit Union) denied responsibility and closed the victim's accounts, confirming the fraudulent nature of the check and the victim's liability for the funds sent out.""], 'financial_risk': 'High', 'scam_type': 'Fake Check Scam / Overpayment Scam / Work-From-Home Scam. The core mechanism is a fraudulent check used to trick the victim into sending real money before the fake check bounces.', 'victim_profile': ""The victim is a university student, likely seeking employment, which makes them vulnerable to seemingly legitimate job offers. They may lack experience with employment scams and standard hiring protocols. A critical vulnerability is a misunderstanding of how bank deposits and check clearing work; 'cleared' often means the bank has made funds available, not that the check itself has fully processed and cleared the issuing bank. The victim's trust in official-looking affiliations (government, university) and desire for employment were exploited."", 'recommendations': ['Be highly skeptical of unsolicited job offers, especially those promising easy money or asking you to deposit a check before doing any work.', ""Never send money to an 'employer' for supplies, equipment, or any other reason, particularly after depositing a check they sent you. Legitimate employers provide necessary tools or reimburse legitimate expenses after submission of receipts."", 'Verify the legitimacy of any employer or job offer by contacting the organization directly through official contact information found on their official website, not through contact details provided in the suspicious email.', ""Understand banking procedures: A check 'clearing' your account does not mean the funds are legitimate or that the check won't bounce later. It can take days or weeks for a check to fully clear. Wait for your bank to confirm the funds are genuinely available before spending or transferring any money."", 'Be wary of any job that requires you to use your personal bank account to transfer funds to third parties.', ""Report the scam to your university's IT/security department, the Federal Trade Commission (FTC) at ReportFraud.ftc.gov, and the FBI's Internet Crime Complaint Center (IC3) at IC3.gov."", 'Educate yourself on common scam types, especially fake check and advance-fee scams, to better identify red flags in the future.'], 'confidence': 100}",55
9709633,2025-10-23T11:46:35.707460,1352,{'urgency_pressure': ['fast']},"{'scam_probability': 95, 'red_flags': ['Impersonation of a real, legitimate company (XXXX Talent Acquisition Firm) to build false trust.', 'Extensive text-only interview on XXXXXXXX XXXX, which often bypasses traditional voice/video interviews where scammers could be identified.', ""Rapid hiring process ('next day I was told I was hired') without thorough vetting, which is uncommon for legitimate roles requiring SSN and bank details."", ""Instructions to deposit a 'XXXX of a check' (likely an image or mobile deposit of a fraudulent check), a common method for scammers."", ""Immediate instruction to 'XXXX the money to a XXXX party vendor for computer supplies' BEFORE the deposited check could possibly clear, which is the core mechanism of a fake check scam."", 'The reason for sending money (computer supplies for the job) is a common pretext used in employment scams.', 'The check was returned NSF (Non-Sufficient Funds), confirming it was fraudulent and the funds were never real.', ""The bank's refusal to refund the money confirms that the victim is liable for funds drawn against a fraudulent check, a standard banking practice for such scams.""], 'financial_risk': 'High', 'scam_type': ""Employment Scam / Fake Check Scam / Advance Fee Scam. The scammers posed as a legitimate employer to onboard the victim, used a fraudulent check to provide 'funds,' and then instructed the victim to forward a portion of those funds to a third party before the check cleared, resulting in the victim losing their own money."", 'victim_profile': ""The victim is underemployed and actively job hunting, which makes them particularly susceptible to seemingly attractive and rapid job offers. Their stated financial distress ('don't know how we're going to be able to pay our bills this month') increases their vulnerability and urgency to secure income, potentially overriding caution. They appear to be unaware of common scam tactics, especially the mechanics of bank check clearing where immediate availability of funds does not mean the check has fully cleared. Furthermore, by providing SSN, bank account information, and driver's license, they are now at high risk of identity theft."", 'recommendations': ['**For the Victim:**', '- Continue to monitor credit reports closely for any signs of identity theft, utilizing the freezes already in place. Consider signing up for identity theft protection services.', ""- Be extremely vigilant for 'recovery scams' where other scammers might offer to help retrieve lost funds for an upfront fee, as these are often new attempts to defraud victims."", '- Collaborate fully with law enforcement (FBI, FTC, local police) by providing all available evidence (screenshots of communication, offer letters, check images, bank statements).', '- Understand that banks typically hold customers responsible for funds drawn against fraudulent checks; direct refunds from the bank are unlikely, as the bank acted according to its policies when the check bounced.', '- Prioritize securing legitimate employment through verified and reputable channels, being extra cautious moving forward.', '**General Prevention:**', '- Be highly skeptical of job offers that involve an unusually fast hiring process, especially without comprehensive, in-person or live video interviews.', ""- Never accept a job offer that requires you to deposit a check and then send a portion of the money back or to a third-party vendor for 'supplies' or 'onboarding costs.' This is the hallmark of a fake check scam."", '- Understand that when a bank makes deposited funds available, it does not mean the check has actually cleared; it can take several days or even weeks for a fraudulent check to be identified by the issuing bank.', ""- Always verify the legitimacy of a company and job offer independently, using official contact information found on the company's official website (not contact details provided by the 'recruiter')."", ""- Be cautious about sharing sensitive personal information (SSN, bank details, driver's license) until a formal, verified offer from a legitimate employer has been accepted and all due diligence is complete."", '- Look for other common red flags in communication, such as poor grammar, unusual email addresses, or high-pressure tactics to act quickly.'], 'confidence': 100}",52
8714085,2025-10-23T11:46:48.685552,2987,"{'financial_red_flags': ['mobile deposit', 'zelle'], 'urgency_pressure': ['immediately']}","{'scam_probability': 100, 'red_flags': ['Unsolicited job offer received via email, even if it appears to come from a legitimate institution (likely a spoofed or compromised account).', ""Offer for a work-from-home position from an unfamiliar 'professor' or 'department'."", ""Received a physical check as payment instead of direct deposit, especially early in the employment or for a first 'assignment'."", 'The check amount was substantial (implied by the amount requested to be sent out).', ""The 'employer' requested the victim transfer a portion of the funds to another 'employee' or for 'departmental purchases' using personal accounts/apps (Zelle, other payment apps). Legitimate companies do not operate this way."", 'Pressure to transfer funds quickly after deposit, often before the check has fully cleared the bank.', 'The use of Zelle for a business transaction; Zelle is intended for transfers between trusted individuals.', ""Funds were 'available' but the check had not actually 'cleared' (a common misunderstanding exploited by scammers)."", 'IT department confirmed the email was fraudulent.', 'The original check eventually bounced, confirming it was fake.'], 'financial_risk': 'High', 'scam_type': 'Fake Check / Overpayment Scam combined with an Employment Scam. The scammer sends a fraudulent check for a higher amount than needed, instructs the victim to deposit it, and then demands a portion of the money be sent elsewhere before the fake check is discovered. The victim is then left responsible for the funds transferred.', 'victim_profile': ""The victim appears to be someone actively seeking employment, specifically a work-from-home opportunity, likely for additional income given the statement 'already short on funds.' They may be a student or affiliated with an academic institution, making them susceptible to offers appearing to come from their university/college. They demonstrated trust in the 'employer' and followed instructions, likely due to a desire to perform well in the new 'job.' A lack of understanding regarding bank check clearing processes (availability vs. actual clearing) made them vulnerable."", 'recommendations': [""Be highly skeptical of unsolicited job offers, especially those promising easy work or high pay for minimal effort, regardless of the sender's apparent legitimacy."", ""Always verify job offers directly with the company/institution through official channels (e.g., their main website's contact information), not by replying to the email or using contact details provided in the offer."", 'Never accept a job that requires you to deposit a check and then send money back or to a third party (via wire transfer, Zelle, gift cards, cryptocurrency, etc.). This is the hallmark of a fake check scam.', ""Understand that 'funds available' in your account does not mean the check has cleared. It can take days or even weeks for a check to fully clear, and you are responsible if it turns out to be fraudulent."", 'Legitimate employers use official payroll systems for payments and do not ask employees to use personal funds or accounts to make company purchases or disburse money to other employees.', ""Report suspicious job offer emails to your institution's IT department or security office immediately."", ""If you suspect you've been scammed, contact your bank, local police, and federal agencies (like IC3.gov) immediately."", 'Educate yourself on common scam types, especially fake check and employment scams, to recognize red flags.'], 'confidence': 100}",65
1617882,2025-10-23T11:47:04.733598,2510,{},"{'scam_probability': 99, 'red_flags': ['Unsolicited job offer via email.', ""Online-only 'HR training' for an extended period (4 weeks) without physical contact or formal onboarding."", ""Employer stating 'no personal info required' for an extended period, which misdirects attention from financial fraud."", 'Being asked to purchase equipment and ship it out of country *before* formal employment begins or a final interview.', ""Issued an 'account number and routing number' with funds 'put into my name' (likely a fraudulent transfer or fake check) to purchase equipment."", 'Request to use personal credit card for company purchases, with the promise of reimbursement from the provided funds.', 'Transferring funds from an employer-provided account into a personal account (this is a classic fake check/advance fee mechanism).', ""The assumption that funds are 'OK' once 'posted' to an account, without understanding bank clearing times for fraudulent transactions."", 'Request to ship purchased items internationally, especially via a method that is difficult to stop or trace (USPS priority international).', 'The request to perform the exact same task (purchase and ship) a second time, which often signals a scammer trying to maximize their take.', ""The sudden reversal of funds from the victim's credit card account, confirming the initial funds provided were fraudulent.""], 'financial_risk': 'High', 'scam_type': 'Fake Check / Advance Fee Scam (Job Offer Variation)', 'victim_profile': ""The victim is actively seeking employment and appears to be cautious about identity theft, which the scammers exploit by claiming 'no personal info is required'. However, this caution is misplaced, as the scam targets financial assets rather than identity. They likely lack understanding of how bank transfers/checks clear and the lag time involved in detecting fraudulent funds, making them vulnerable to believing the funds provided by the scammers are legitimate once 'posted'. The promise of a job, especially after 'passing' initial stages, creates a sense of trust and obligation."", 'recommendations': ['Be highly suspicious of unsolicited job offers, especially those that promise easy work or require unusual tasks.', 'Never use personal funds or your personal credit card for company purchases, especially for a new job before formal employment and legitimate onboarding.', 'Never accept funds from a new employer and then transfer them to another account, purchase items, or send money elsewhere. This is a hallmark of fake check/advance fee scams.', ""Understand that 'posted' funds do not mean 'cleared'. Banks can take days or weeks to detect fraudulent transfers or checks, and you are responsible for any funds spent from a fraudulent deposit."", 'Independently verify the legitimacy of any company offering employment. Do not rely solely on provided contact information. Check official company websites, LinkedIn, and other professional sources.', 'If a job requires you to receive money and then use it to buy equipment or send money to another party, it is almost certainly a scam.', 'Report the incident immediately to your bank and credit card company. They can advise on reversing charges (if possible) and protecting your accounts.', 'File a complaint with relevant authorities such as the Federal Trade Commission (FTC), the Internet Crime Complaint Center (IC3) of the FBI, and your local law enforcement.'], 'confidence': 100}",49
5788206,2025-10-23T11:47:18.034550,1066,{},"{'scam_probability': 100, 'red_flags': [""Unsolicited large check for 'work equipment' before starting the job."", 'Instruction to immediately send a portion of the funds to a third party (or multiple parties).', ""The assumption that 'funds available' or 'check processed' means the check has fully cleared and is legitimate (this is a common misconception used by scammers)."", ""Instruction to send money to a person whose name 'didn't match up' (further indicating a suspicious third-party transaction)."", 'Use of irreversible payment methods (XXXX, likely Zelle, Cash App, Venmo) for business transactions.', 'The job offer appears too easy or convenient without a full, standard hiring process (though an interview is mentioned, the financial aspect is highly irregular).'], 'financial_risk': 'High', 'scam_type': ""Fake Check / Overpayment Scam (Job Scam Variant). The scammer sends a fraudulent check for an amount greater than what is supposedly needed (for equipment), instructs the victim to deposit it, and then demands a portion of the money be sent to a third party before the victim's bank realizes the original check was bad and reverses the funds."", 'victim_profile': ""The victim is likely a job seeker, vulnerable due to the desire for employment and potential financial need. They operate under the common misconception that 'funds available' in their bank account means the check has genuinely cleared, not realizing it can take days or weeks for a check to fully clear the issuing bank. This lack of understanding about banking mechanics, combined with a trust in the hiring process, makes them susceptible to this type of financial manipulation."", 'recommendations': [""Never send money back from a check you receive, especially to third parties, regardless of the reason (e.g., 'equipment funds,' 'overpayment,' 'taxes')."", ""Understand that 'funds available' does NOT mean a check has fully cleared. Banks often make funds available quickly, but it can take several business days or even weeks for a check to truly clear and for the funds to be irrevocably yours. Always confirm with your bank that the check has 'fully cleared' before spending any money from it."", 'Be highly suspicious of any job offer that involves receiving a check for supplies or equipment and then being asked to send money to another individual or company.', ""Legitimate employers typically provide equipment directly, or reimburse employees AFTER they make an approved purchase, not send a check and ask the employee to forward funds to a 'vendor.'"", 'Thoroughly verify the legitimacy of recruiters and companies. Research the company independently, using official contact information from their website (not information provided by the recruiter).', 'Avoid using irreversible payment methods like Zelle, Cash App, Venmo, wire transfers, or gift cards for transactions with unknown or unverified parties.', 'Continue to report the scam to the FTC, FBI IC3 (Internet Crime Complaint Center), and your bank. While recovering lost funds in fake check scams is extremely difficult, reporting helps law enforcement track these activities.', 'Work with your bank to understand options regarding the negative balance, but be prepared for the possibility that you will be held responsible for the lost funds.'], 'confidence': 100}",50
2693172,2025-10-23T11:47:40.025966,2971,"{'urgency_pressure': ['immediately'], 'job_red_flags': ['personal assistant']}","{'scam_probability': 100, 'red_flags': ['Unsolicited job offer via email without an interview process.', ""Immediate job offer due to 'busy schedule' and frequent travel."", ""Job duties involve managing the employer's personal finances and making payments on their behalf."", ""Employer sends a check for 'materials' and 'payment' upfront, expecting the employee to disburse funds."", ""Check is sent from a third-party 'supplier' rather than the alleged employer."", 'Accompanying letter contains incorrect English writing (grammatical errors, typos).', ""Bank confirms account 'exists and had funds' and check is 'eligible' but does not mean the check has fully cleared and is legitimate."", ""Pressure to transfer a portion of the check funds to another 'supplier' (the scammer's accomplice) before the deposited check has fully cleared."", 'Refusal or delay in providing proper identification, offering only generic pictures.', ""Threats of legal action ('call authorities') when the victim expresses suspicion or asks for identity verification."", 'Bank account being closed/frozen due to a fraudulent deposit, resulting in negative marks on credit reporting agencies (ChexSystems).'], 'financial_risk': 'High', 'scam_type': 'Fake Check / Overpayment Scam (often combined with an Employment Scam or Personal Assistant Scam)', 'victim_profile': ""The victim is a job seeker, actively looking for employment online, which makes them susceptible to fraudulent job offers. They likely lack awareness regarding the mechanics of bank check clearing processes (distinguishing 'funds available' from 'check cleared') and the common tactics used in fake check scams. They initially showed trust in the offer and followed instructions, but eventually grew suspicious and questioned the scammer's identity, which prevented them from losing actual money, but still resulted in severe banking consequences."", 'recommendations': [""Never trust job offers that require you to deposit a check and then send a portion of the funds back or to a third party, especially before the check has fully cleared (which can take several business days, not just when funds become 'available')."", ""Be highly skeptical of any job offer that comes without a formal interview process, especially if it's for a position involving financial transactions."", 'Always verify the identity of potential employers through official company channels, not just email or text messages.', 'If an employer claims to be an artist or traveler, conduct an online search for their name and work to verify their existence and reputation.', 'Be wary of poor grammar, spelling, or unprofessional communication in job-related correspondence.', ""Understand that 'funds available' in your account does NOT mean a check has fully cleared. It only means the bank has provisionally credited your account. The check can still bounce days or even weeks later."", 'Report all suspicious job offers to the platform where they were posted (if applicable) and to the Federal Trade Commission (FTC) and local law enforcement.', ""For the current situation: Gather all evidence (emails, texts, check copies, bank statements, communications with the bank). Seek legal advice from an attorney specializing in consumer law or banking disputes to understand options for clearing the fraud report from ChexSystems. File a detailed report with the bank's fraud department, providing all evidence to explain your position as a victim."", ""Consider contacting consumer protection agencies and potentially filing a complaint with the Consumer Financial Protection Bureau (CFPB) regarding the bank's handling of the situation and the reporting to ChexSystems, especially since you did not actively transfer funds out.""], 'confidence': 100}",60
5833930,2025-10-23T11:47:56.683208,2379,"{'financial_red_flags': ['fake check'], 'urgency_pressure': ['immediately']}","{'scam_probability': 100, 'red_flags': ['Interview conducted solely via text messaging on a non-standard app (XXXX app) that allows message deletion.', 'Job offer extended after only a text-based interview, without traditional vetting (video calls, in-person, multiple rounds).', 'Company requiring the employee to purchase remote work equipment themselves using a provided check.', 'Receipt of a check (for equipment) via a package delivery service instead of direct deposit or company-issued equipment.', 'Being asked to communicate on another app (XXXX) after initial contact.', ""Instructions to transfer a portion of the deposited check amount via an instant payment service (XXXX/Zelle) to a 'third-party vendor' (equipment delivery contractor)."", 'The urgency and immediate request to transfer funds before the check had fully cleared (even if it appeared available in the account).', 'The fake check bouncing/being put on hold days after appearing to clear.', ""The alleged 'manager' deleting messages and making threats after the scam was exposed."", ""The explanation for split transfers ('minimum amount limit') being a fabricated excuse to facilitate the scam.""], 'financial_risk': 'High', 'scam_type': ""Employment Scam / Fake Check Scam / Advance Fee Scam. The scammers posed as a legitimate company to 'hire' the victim, sent a fraudulent check (fake check scam), and then instructed the victim to send a portion of that money to a 'vendor' using an irreversible method like Zelle (advance fee scam)."", 'victim_profile': ""The victim appears to be an individual seeking employment, potentially vulnerable due to the appeal of a new job. They demonstrated trust in the legitimacy of the company name and the presented process (interview, check, equipment purchase). A lack of awareness regarding the mechanics of fake checks (funds appearing available vs. fully cleared) and the irreversibility of instant payment apps contributed to the financial loss. The victim's willingness to follow instructions from the 'employer' highlights a natural desire to comply with new job requirements."", 'recommendations': [""Always verify job offers directly with the legitimate company through official channels (official website, publicly listed phone numbers) - never rely solely on contact info provided by the 'employer'."", 'Be highly suspicious of interviews conducted entirely via text or chat apps for professional roles; legitimate companies typically use video calls, phone interviews, or in-person meetings.', 'Never accept a check from an employer and then be asked to send money back or to a third party. Legitimate companies provide equipment directly or reimburse *after* purchase with valid receipts, not through this method.', 'Understand that funds from a deposited check can appear in your account balance before the check has fully cleared. It can take days or even weeks for a fake check to be identified.', 'Be wary of any job that asks you to pay money upfront or use personal funds to purchase equipment, especially if reimbursement is tied to a check from the employer.', 'Exercise extreme caution with instant payment apps (like Zelle, Venmo, Cash App) for business transactions, especially with unverified individuals; these transactions are often irreversible.', ""Report the scam to the FBI's Internet Crime Complaint Center (IC3.gov), the Federal Trade Commission (FTC.gov), and your state's Attorney General."", 'Contact the legitimate company whose name was fraudulently used to alert them of the scam.', ""Monitor your credit report for any signs of identity theft, as personal information may have been shared during the 'hiring' process."", 'If threatened, save all communications, block the scammer, and report the threats to law enforcement.'], 'confidence': 100}",60
